Timestamp,Email Address,Upset ,Interested ,Distressed ,Excited ,Strong ,Guilty ,Scared ,Hostile ,Enthusiastic ,Proud ,Irritable ,Alert ,Ashamed ,Inspired ,Nervous ,Determined ,Attentive ,Jittery ,Active,Afraid,Please enter your assigned ID for entire game:
2/6/2024 18:12:07,,very slightly or not at all,moderately,very slightly or not at all,moderately,moderately,very slightly or not at all,very slightly or not at all,very slightly or not at all,moderately,moderately,very slightly or not at all,very slightly or not at all,very slightly or not at all,a little,very slightly or not at all,moderately,moderately,very slightly or not at all,moderately,very slightly or not at all,90
2/7/2024 13:25:40,,very slightly or not at all,quite a bit,very slightly or not at all,quite a bit,moderately,very slightly or not at all,very slightly or not at all,very slightly or not at all,quite a bit,very slightly or not at all,very slightly or not at all,very slightly or not at all,very slightly or not at all,moderately,a little,quite a bit,quite a bit,very slightly or not at all,quite a bit,very slightly or not at all,91
2/8/2024 10:55:10,,a little,moderately,very slightly or not at all,a little,very slightly or not at all,very slightly or not at all,very slightly or not at all,very slightly or not at all,moderately,a little,very slightly or not at all,a little,very slightly or not at all,a little,very slightly or not at all,a little,a little,a little,a little,very slightly or not at all,92
2/8/2024 13:17:32,,very slightly or not at all,moderately,very slightly or not at all,moderately,moderately,very slightly or not at all,very slightly or not at all,a little,moderately,moderately,moderately,very slightly or not at all,very slightly or not at all,moderately,very slightly or not at all,moderately,moderately,very slightly or not at all,moderately,very slightly or not at all,93
2/8/2024 22:59:29,,very slightly or not at all,a little,very slightly or not at all,a little,very slightly or not at all,very slightly or not at all,very slightly or not at all,very slightly or not at all,a little,very slightly or not at all,very slightly or not at all,very slightly or not at all,very slightly or not at all,a little,very slightly or not at all,a little,very slightly or not at all,very slightly or not at all,a little,very slightly or not at all,94
2/9/2024 13:59:58,,very slightly or not at all,quite a bit,very slightly or not at all,moderately,moderately,very slightly or not at all,very slightly or not at all,very slightly or not at all,moderately,quite a bit,very slightly or not at all,a little,very slightly or not at all,extremely,very slightly or not at all,extremely,quite a bit,very slightly or not at all,quite a bit,very slightly or not at all,95
2/11/2024 15:40:52,,very slightly or not at all,extremely,very slightly or not at all,extremely,extremely,very slightly or not at all,very slightly or not at all,very slightly or not at all,extremely,extremely,very slightly or not at all,extremely,very slightly or not at all,extremely,very slightly or not at all,extremely,extremely,very slightly or not at all,extremely,very slightly or not at all,96
2/13/2024 15:52:43,,a little,quite a bit,very slightly or not at all,extremely,extremely,very slightly or not at all,very slightly or not at all,a little,moderately,extremely,moderately,a little,very slightly or not at all,a little,very slightly or not at all,quite a bit,quite a bit,very slightly or not at all,extremely,very slightly or not at all,97
2/23/2024 10:26:53,,very slightly or not at all,a little,very slightly or not at all,a little,very slightly or not at all,very slightly or not at all,very slightly or not at all,very slightly or not at all,a little,very slightly or not at all,very slightly or not at all,very slightly or not at all,very slightly or not at all,a little,very slightly or not at all,very slightly or not at all,very slightly or not at all,very slightly or not at all,a little,very slightly or not at all,98
2/24/2024 23:07:34,,very slightly or not at all,quite a bit,very slightly or not at all,quite a bit,very slightly or not at all,very slightly or not at all,very slightly or not at all,very slightly or not at all,quite a bit,moderately,very slightly or not at all,very slightly or not at all,very slightly or not at all,moderately,very slightly or not at all,quite a bit,moderately,very slightly or not at all,moderately,very slightly or not at all,99
2/26/2024 17:49:34,,very slightly or not at all,quite a bit,very slightly or not at all,quite a bit,very slightly or not at all,very slightly or not at all,very slightly or not at all,very slightly or not at all,quite a bit,very slightly or not at all,very slightly or not at all,a little,very slightly or not at all,quite a bit,very slightly or not at all,quite a bit,quite a bit,very slightly or not at all,moderately,very slightly or not at all,100
2/26/2024 19:20:38,,very slightly or not at all,extremely,extremely,extremely,quite a bit,a little,very slightly or not at all,very slightly or not at all,extremely,extremely,very slightly or not at all,very slightly or not at all,a little,extremely,very slightly or not at all,extremely,quite a bit,very slightly or not at all,extremely,very slightly or not at all,101
2/29/2024 1:01:22,,very slightly or not at all,extremely,a little,quite a bit,moderately,very slightly or not at all,a little,very slightly or not at all,quite a bit,moderately,a little,quite a bit,very slightly or not at all,quite a bit,a little,extremely,extremely,a little,extremely,very slightly or not at all,102