Timestamp,Email Address,Upset ,Interested ,Distressed ,Excited ,Strong ,Guilty ,Scared ,Hostile ,Enthusiastic ,Proud ,Irritable ,Alert ,Ashamed ,Inspired ,Nervous ,Determined ,Attentive ,Jittery ,Active,Afraid,Please enter your assigned ID for entire game:
2/6/2024 17:48:01,,very slightly or not at all,moderately,very slightly or not at all,a little,a little,very slightly or not at all,very slightly or not at all,very slightly or not at all,moderately,a little,very slightly or not at all,very slightly or not at all,very slightly or not at all,very slightly or not at all,very slightly or not at all,quite a bit,moderately,very slightly or not at all,moderately,very slightly or not at all,90
2/7/2024 13:51:05,,very slightly or not at all,extremely,very slightly or not at all,quite a bit,moderately,very slightly or not at all,very slightly or not at all,very slightly or not at all,quite a bit,a little,very slightly or not at all,very slightly or not at all,very slightly or not at all,moderately,very slightly or not at all,quite a bit,quite a bit,very slightly or not at all,quite a bit,very slightly or not at all,91
2/8/2024 11:36:57,,very slightly or not at all,quite a bit,very slightly or not at all,quite a bit,moderately,a little,very slightly or not at all,very slightly or not at all,quite a bit,a little,very slightly or not at all,very slightly or not at all,very slightly or not at all,a little,very slightly or not at all,a little,quite a bit,very slightly or not at all,quite a bit,very slightly or not at all,92
2/8/2024 12:28:22,,very slightly or not at all,moderately,very slightly or not at all,moderately,moderately,very slightly or not at all,very slightly or not at all,very slightly or not at all,moderately,moderately,very slightly or not at all,very slightly or not at all,very slightly or not at all,moderately,very slightly or not at all,moderately,moderately,very slightly or not at all,moderately,very slightly or not at all,93
2/8/2024 22:07:31,,very slightly or not at all,extremely,very slightly or not at all,a little,very slightly or not at all,very slightly or not at all,very slightly or not at all,very slightly or not at all,quite a bit,very slightly or not at all,very slightly or not at all,a little,very slightly or not at all,quite a bit,very slightly or not at all,a little,quite a bit,very slightly or not at all,moderately,very slightly or not at all,94
2/9/2024 13:34:35,,very slightly or not at all,extremely,very slightly or not at all,extremely,extremely,very slightly or not at all,very slightly or not at all,moderately,extremely,moderately,very slightly or not at all,moderately,very slightly or not at all,quite a bit,a little,extremely,quite a bit,very slightly or not at all,extremely,very slightly or not at all,95
2/11/2024 14:47:10,,a little,extremely,very slightly or not at all,extremely,moderately,very slightly or not at all,very slightly or not at all,very slightly or not at all,quite a bit,quite a bit,very slightly or not at all,a little,very slightly or not at all,quite a bit,very slightly or not at all,quite a bit,moderately,a little,moderately,very slightly or not at all,96
2/13/2024 15:31:48,,very slightly or not at all,extremely,a little,extremely,moderately,a little,very slightly or not at all,a little,quite a bit,a little,very slightly or not at all,very slightly or not at all,very slightly or not at all,quite a bit,very slightly or not at all,a little,extremely,very slightly or not at all,moderately,very slightly or not at all,97
2/23/2024 10:44:41,,very slightly or not at all,a little,very slightly or not at all,a little,a little,very slightly or not at all,very slightly or not at all,very slightly or not at all,a little,a little,very slightly or not at all,very slightly or not at all,very slightly or not at all,a little,very slightly or not at all,very slightly or not at all,very slightly or not at all,very slightly or not at all,very slightly or not at all,very slightly or not at all,98
2/24/2024 23:31:01,,very slightly or not at all,moderately,very slightly or not at all,moderately,a little,very slightly or not at all,very slightly or not at all,very slightly or not at all,quite a bit,moderately,very slightly or not at all,very slightly or not at all,very slightly or not at all,quite a bit,very slightly or not at all,moderately,extremely,very slightly or not at all,moderately,very slightly or not at all,99
2/26/2024 17:26:39,,very slightly or not at all,extremely,very slightly or not at all,extremely,moderately,very slightly or not at all,very slightly or not at all,very slightly or not at all,extremely,a little,very slightly or not at all,a little,very slightly or not at all,quite a bit,very slightly or not at all,quite a bit,quite a bit,very slightly or not at all,moderately,very slightly or not at all,100
2/26/2024 18:28:00,,very slightly or not at all,extremely,extremely,extremely,moderately,very slightly or not at all,very slightly or not at all,very slightly or not at all,extremely,moderately,very slightly or not at all,a little,very slightly or not at all,extremely,very slightly or not at all,extremely,extremely,very slightly or not at all,extremely,very slightly or not at all,101
2/29/2024 1:28:09,,very slightly or not at all,quite a bit,very slightly or not at all,extremely,quite a bit,a little,very slightly or not at all,very slightly or not at all,extremely,quite a bit,a little,a little,very slightly or not at all,extremely,very slightly or not at all,quite a bit,moderately,very slightly or not at all,extremely,very slightly or not at all,102