Timestamp,Please enter your assigned ID for entire game:,Gender: how do you identify ,Age： Which category includes yours? ,What is your English proficiency level?  （Here is the reference), How familiar are you with table-top role-playing games (TTRPGs) ,Do you have experience as a game master (GM) in TTRPGs?,How long have you been a Game Master in TTRPGs?
2/6/2024 16:04:55,90,Prefer not to say,21-29,Basic User,Somewhat familiar,No,
2/7/2024 12:02:54,91,Male,21-29,Proficient User,Familiar,No,
2/8/2024 9:32:37,92,Male,21-29,Independent User,Extremely familiar,Yes,Over 100 hours
2/8/2024 11:02:40,93,Male,21-29,Basic User,Extremely familiar,Yes,Over 100 hours
2/8/2024 20:42:34,94,Male,21-29,Independent User,Somewhat familiar,No,
2/9/2024 11:34:10,95,Male,21-29,Independent User,Very familiar,Yes,10 ~ 50 hours
2/11/2024 13:04:10,96,Male,21-29,Proficient User,Familiar,No,
2/13/2024 14:04:53,97,Male,21-29,Basic User,Familiar,Yes,50 ~ 100 hours
2/23/2024 9:03:33,98,Male,21-29,Proficient User,Very familiar,No,
2/24/2024 21:16:55,99,Female,21-29,Proficient User,Very familiar,No,
2/26/2024 15:29:51,100,Non-binary,21-29,Proficient User,Very familiar,No,
2/26/2024 17:02:47,101,Female,21-29,Independent User,Somewhat familiar,No,
2/28/2024 23:03:18,102,Female,21-29,Independent User,Familiar,No,